year,region,age_group,gender,population
2022,Auvergne-Rhône-Alpes,20-24 ans,F,229467
2022,Auvergne-Rhône-Alpes,20-24 ans,M,243074
2022,Auvergne-Rhône-Alpes,25-29 ans,F,223233
2022,Auvergne-Rhône-Alpes,25-29 ans,M,225390
2022,Auvergne-Rhône-Alpes,30-34 ans,F,249192
2022,Auvergne-Rhône-Alpes,30-34 ans,M,242257
2022,Auvergne-Rhône-Alpes,35-39 ans,F,262378
2022,Auvergne-Rhône-Alpes,35-39 ans,M,251754
2022,Auvergne-Rhône-Alpes,40-44 ans,F,263118
2022,Auvergne-Rhône-Alpes,40-44 ans,M,253326
2022,Auvergne-Rhône-Alpes,45-49 ans,F,261325
2022,Auvergne-Rhône-Alpes,45-49 ans,M,260383
2022,Auvergne-Rhône-Alpes,50-54 ans,F,270808
2022,Auvergne-Rhône-Alpes,50-54 ans,M,268352
2022,Auvergne-Rhône-Alpes,55-59 ans,F,267832
2022,Auvergne-Rhône-Alpes,55-59 ans,M,259286
2022,Auvergne-Rhône-Alpes,60 ans ou plus,F,5392352
2022,Auvergne-Rhône-Alpes,60 ans ou plus,M,4935863
2022,Bourgogne-Franche-Comté,20-24 ans,F,70761
2022,Bourgogne-Franche-Comté,20-24 ans,M,79116
2022,Bourgogne-Franche-Comté,25-29 ans,F,66772
2022,Bourgogne-Franche-Comté,25-29 ans,M,70167
2022,Bourgogne-Franche-Comté,30-34 ans,F,74605
2022,Bourgogne-Franche-Comté,30-34 ans,M,74576
2022,Bourgogne-Franche-Comté,35-39 ans,F,80731
2022,Bourgogne-Franche-Comté,35-39 ans,M,79254
2022,Bourgogne-Franche-Comté,40-44 ans,F,82881
2022,Bourgogne-Franche-Comté,40-44 ans,M,80851
2022,Bourgogne-Franche-Comté,45-49 ans,F,87165
2022,Bourgogne-Franche-Comté,45-49 ans,M,85654
2022,Bourgogne-Franche-Comté,50-54 ans,F,94099
2022,Bourgogne-Franche-Comté,50-54 ans,M,92904
2022,Bourgogne-Franche-Comté,55-59 ans,F,95944
2022,Bourgogne-Franche-Comté,55-59 ans,M,92536
2022,Bourgogne-Franche-Comté,60 ans ou plus,F,1907004
2022,Bourgogne-Franche-Comté,60 ans ou plus,M,1744472
2022,Bretagne,20-24 ans,F,89357
2022,Bretagne,20-24 ans,M,98014
2022,Bretagne,25-29 ans,F,81592
2022,Bretagne,25-29 ans,M,85055
2022,Bretagne,30-34 ans,F,90458
2022,Bretagne,30-34 ans,M,90537
2022,Bretagne,35-39 ans,F,99469
2022,Bretagne,35-39 ans,M,97316
2022,Bretagne,40-44 ans,F,104253
2022,Bretagne,40-44 ans,M,102261
2022,Bretagne,45-49 ans,F,109122
2022,Bretagne,45-49 ans,M,109191
2022,Bretagne,50-54 ans,F,113842
2022,Bretagne,50-54 ans,M,112988
2022,Bretagne,55-59 ans,F,114118
2022,Bretagne,55-59 ans,M,111046
2022,Bretagne,60 ans ou plus,F,2326470
2022,Bretagne,60 ans ou plus,M,2113911
2022,Centre-Val de Loire,20-24 ans,F,64731
2022,Centre-Val de Loire,20-24 ans,M,69149
2022,Centre-Val de Loire,25-29 ans,F,61750
2022,Centre-Val de Loire,25-29 ans,M,62811
2022,Centre-Val de Loire,30-34 ans,F,71276
2022,Centre-Val de Loire,30-34 ans,M,69268
2022,Centre-Val de Loire,35-39 ans,F,76339
2022,Centre-Val de Loire,35-39 ans,M,73099
2022,Centre-Val de Loire,40-44 ans,F,77170
2022,Centre-Val de Loire,40-44 ans,M,74453
2022,Centre-Val de Loire,45-49 ans,F,81870
2022,Centre-Val de Loire,45-49 ans,M,79855
2022,Centre-Val de Loire,50-54 ans,F,87169
2022,Centre-Val de Loire,50-54 ans,M,85601
2022,Centre-Val de Loire,55-59 ans,F,87260
2022,Centre-Val de Loire,55-59 ans,M,83876
2022,Centre-Val de Loire,60 ans ou plus,F,1750829
2022,Centre-Val de Loire,60 ans ou plus,M,1592967
2022,Corse,20-24 ans,F,7761
2022,Corse,20-24 ans,M,8415
2022,Corse,25-29 ans,F,9224
2022,Corse,25-29 ans,M,8491
2022,Corse,30-34 ans,F,10473
2022,Corse,30-34 ans,M,10134
2022,Corse,35-39 ans,F,11525
2022,Corse,35-39 ans,M,10364
2022,Corse,40-44 ans,F,11845
2022,Corse,40-44 ans,M,11126
2022,Corse,45-49 ans,F,12070
2022,Corse,45-49 ans,M,11108
2022,Corse,50-54 ans,F,12498
2022,Corse,50-54 ans,M,12318
2022,Corse,55-59 ans,F,12105
2022,Corse,55-59 ans,M,11474
2022,Corse,60 ans ou plus,F,237908
2022,Corse,60 ans ou plus,M,219569
2022,Grand Est,20-24 ans,F,155454
2022,Grand Est,20-24 ans,M,168883
2022,Grand Est,25-29 ans,F,150051
2022,Grand Est,25-29 ans,M,154817
2022,Grand Est,30-34 ans,F,166642
2022,Grand Est,30-34 ans,M,165134
2022,Grand Est,35-39 ans,F,174270
2022,Grand Est,35-39 ans,M,168733
2022,Grand Est,40-44 ans,F,172538
2022,Grand Est,40-44 ans,M,168460
2022,Grand Est,45-49 ans,F,175669
2022,Grand Est,45-49 ans,M,173206
2022,Grand Est,50-54 ans,F,186670
2022,Grand Est,50-54 ans,M,185230
2022,Grand Est,55-59 ans,F,195067
2022,Grand Est,55-59 ans,M,187751
2022,Grand Est,60 ans ou plus,F,3710142
2022,Grand Est,60 ans ou plus,M,3406568
2022,Hauts-de-France,20-24 ans,F,181283
2022,Hauts-de-France,20-24 ans,M,187772
2022,Hauts-de-France,25-29 ans,F,166806
2022,Hauts-de-France,25-29 ans,M,165777
2022,Hauts-de-France,30-34 ans,F,182729
2022,Hauts-de-France,30-34 ans,M,177538
2022,Hauts-de-France,35-39 ans,F,192849
2022,Hauts-de-France,35-39 ans,M,185157
2022,Hauts-de-France,40-44 ans,F,190388
2022,Hauts-de-France,40-44 ans,M,185046
2022,Hauts-de-France,45-49 ans,F,191831
2022,Hauts-de-France,45-49 ans,M,189420
2022,Hauts-de-France,50-54 ans,F,193617
2022,Hauts-de-France,50-54 ans,M,190939
2022,Hauts-de-France,55-59 ans,F,193729
2022,Hauts-de-France,55-59 ans,M,185906
2022,Hauts-de-France,60 ans ou plus,F,3939848
2022,Hauts-de-France,60 ans ou plus,M,3558972
2022,Normandie,20-24 ans,F,89766
2022,Normandie,20-24 ans,M,95279
2022,Normandie,25-29 ans,F,83774
2022,Normandie,25-29 ans,M,85152
2022,Normandie,30-34 ans,F,93847
2022,Normandie,30-34 ans,M,92068
2022,Normandie,35-39 ans,F,100758
2022,Normandie,35-39 ans,M,96799
2022,Normandie,40-44 ans,F,99566
2022,Normandie,40-44 ans,M,97403
2022,Normandie,45-49 ans,F,103327
2022,Normandie,45-49 ans,M,100623
2022,Normandie,50-54 ans,F,109023
2022,Normandie,50-54 ans,M,106287
2022,Normandie,55-59 ans,F,112288
2022,Normandie,55-59 ans,M,106738
2022,Normandie,60 ans ou plus,F,2254992
2022,Normandie,60 ans ou plus,M,2034983
2022,Nouvelle-Aquitaine,20-24 ans,F,155989
2022,Nouvelle-Aquitaine,20-24 ans,M,167084
2022,Nouvelle-Aquitaine,25-29 ans,F,148179
2022,Nouvelle-Aquitaine,25-29 ans,M,148076
2022,Nouvelle-Aquitaine,30-34 ans,F,166092
2022,Nouvelle-Aquitaine,30-34 ans,M,160209
2022,Nouvelle-Aquitaine,35-39 ans,F,179113
2022,Nouvelle-Aquitaine,35-39 ans,M,169282
2022,Nouvelle-Aquitaine,40-44 ans,F,187084
2022,Nouvelle-Aquitaine,40-44 ans,M,180389
2022,Nouvelle-Aquitaine,45-49 ans,F,197217
2022,Nouvelle-Aquitaine,45-49 ans,M,190053
2022,Nouvelle-Aquitaine,50-54 ans,F,208083
2022,Nouvelle-Aquitaine,50-54 ans,M,200075
2022,Nouvelle-Aquitaine,55-59 ans,F,212713
2022,Nouvelle-Aquitaine,55-59 ans,M,199567
2022,Nouvelle-Aquitaine,60 ans ou plus,F,4228976
2022,Nouvelle-Aquitaine,60 ans ou plus,M,3783570
2022,Occitanie,20-24 ans,F,165922
2022,Occitanie,20-24 ans,M,174985
2022,Occitanie,25-29 ans,F,157947
2022,Occitanie,25-29 ans,M,160022
2022,Occitanie,30-34 ans,F,173198
2022,Occitanie,30-34 ans,M,166149
2022,Occitanie,35-39 ans,F,182816
2022,Occitanie,35-39 ans,M,173353
2022,Occitanie,40-44 ans,F,189263
2022,Occitanie,40-44 ans,M,181892
2022,Occitanie,45-49 ans,F,192197
2022,Occitanie,45-49 ans,M,184643
2022,Occitanie,50-54 ans,F,204438
2022,Occitanie,50-54 ans,M,195654
2022,Occitanie,55-59 ans,F,209517
2022,Occitanie,55-59 ans,M,195790
2022,Occitanie,60 ans ou plus,F,4138078
2022,Occitanie,60 ans ou plus,M,3737432
2022,Pays de la Loire,20-24 ans,F,106346
2022,Pays de la Loire,20-24 ans,M,114235
2022,Pays de la Loire,25-29 ans,F,99107
2022,Pays de la Loire,25-29 ans,M,100744
2022,Pays de la Loire,30-34 ans,F,109419
2022,Pays de la Loire,30-34 ans,M,109151
2022,Pays de la Loire,35-39 ans,F,118596
2022,Pays de la Loire,35-39 ans,M,115334
2022,Pays de la Loire,40-44 ans,F,122512
2022,Pays de la Loire,40-44 ans,M,120838
2022,Pays de la Loire,45-49 ans,F,124451
2022,Pays de la Loire,45-49 ans,M,124318
2022,Pays de la Loire,50-54 ans,F,125188
2022,Pays de la Loire,50-54 ans,M,125566
2022,Pays de la Loire,55-59 ans,F,124748
2022,Pays de la Loire,55-59 ans,M,120879
2022,Pays de la Loire,60 ans ou plus,F,2591917
2022,Pays de la Loire,60 ans ou plus,M,2374786
2022,Provence-Alpes-Côte d'Azur,20-24 ans,F,132660
2022,Provence-Alpes-Côte d'Azur,20-24 ans,M,138543
2022,Provence-Alpes-Côte d'Azur,25-29 ans,F,131118
2022,Provence-Alpes-Côte d'Azur,25-29 ans,M,126941
2022,Provence-Alpes-Côte d'Azur,30-34 ans,F,150433
2022,Provence-Alpes-Côte d'Azur,30-34 ans,M,141501
2022,Provence-Alpes-Côte d'Azur,35-39 ans,F,159927
2022,Provence-Alpes-Côte d'Azur,35-39 ans,M,146665
2022,Provence-Alpes-Côte d'Azur,40-44 ans,F,162630
2022,Provence-Alpes-Côte d'Azur,40-44 ans,M,151410
2022,Provence-Alpes-Côte d'Azur,45-49 ans,F,162882
2022,Provence-Alpes-Côte d'Azur,45-49 ans,M,154923
2022,Provence-Alpes-Côte d'Azur,50-54 ans,F,176141
2022,Provence-Alpes-Côte d'Azur,50-54 ans,M,163854
2022,Provence-Alpes-Côte d'Azur,55-59 ans,F,182860
2022,Provence-Alpes-Côte d'Azur,55-59 ans,M,165494
2022,Provence-Alpes-Côte d'Azur,60 ans ou plus,F,3561106
2022,Provence-Alpes-Côte d'Azur,60 ans ou plus,M,3140043
2022,Île-de-France,20-24 ans,F,404601
2022,Île-de-France,20-24 ans,M,396662
2022,Île-de-France,25-29 ans,F,430824
2022,Île-de-France,25-29 ans,M,405623
2022,Île-de-France,30-34 ans,F,464175
2022,Île-de-France,30-34 ans,M,433274
2022,Île-de-France,35-39 ans,F,448949
2022,Île-de-France,35-39 ans,M,414370
2022,Île-de-France,40-44 ans,F,430626
2022,Île-de-France,40-44 ans,M,410374
2022,Île-de-France,45-49 ans,F,413851
2022,Île-de-France,45-49 ans,M,409685
2022,Île-de-France,50-54 ans,F,402973
2022,Île-de-France,50-54 ans,M,387069
2022,Île-de-France,55-59 ans,F,393823
2022,Île-de-France,55-59 ans,M,368496
2022,Île-de-France,60 ans ou plus,F,7830087
2022,Île-de-France,60 ans ou plus,M,7093517
2023,Auvergne-Rhône-Alpes,20-24 ans,F,233007
2023,Auvergne-Rhône-Alpes,20-24 ans,M,246852
2023,Auvergne-Rhône-Alpes,25-29 ans,F,221592
2023,Auvergne-Rhône-Alpes,25-29 ans,M,226065
2023,Auvergne-Rhône-Alpes,30-34 ans,F,248620
2023,Auvergne-Rhône-Alpes,30-34 ans,M,242741
2023,Auvergne-Rhône-Alpes,35-39 ans,F,262033
2023,Auvergne-Rhône-Alpes,35-39 ans,M,249965
2023,Auvergne-Rhône-Alpes,40-44 ans,F,268247
2023,Auvergne-Rhône-Alpes,40-44 ans,M,256829
2023,Auvergne-Rhône-Alpes,45-49 ans,F,255534
2023,Auvergne-Rhône-Alpes,45-49 ans,M,253875
2023,Auvergne-Rhône-Alpes,50-54 ans,F,273878
2023,Auvergne-Rhône-Alpes,50-54 ans,M,271548
2023,Auvergne-Rhône-Alpes,55-59 ans,F,269001
2023,Auvergne-Rhône-Alpes,55-59 ans,M,261618
2023,Auvergne-Rhône-Alpes,60 ans ou plus,F,5429567
2023,Auvergne-Rhône-Alpes,60 ans ou plus,M,4972183
2023,Bourgogne-Franche-Comté,20-24 ans,F,71616
2023,Bourgogne-Franche-Comté,20-24 ans,M,80233
2023,Bourgogne-Franche-Comté,25-29 ans,F,66383
2023,Bourgogne-Franche-Comté,25-29 ans,M,69836
2023,Bourgogne-Franche-Comté,30-34 ans,F,73157
2023,Bourgogne-Franche-Comté,30-34 ans,M,74377
2023,Bourgogne-Franche-Comté,35-39 ans,F,79655
2023,Bourgogne-Franche-Comté,35-39 ans,M,77782
2023,Bourgogne-Franche-Comté,40-44 ans,F,83816
2023,Bourgogne-Franche-Comté,40-44 ans,M,81926
2023,Bourgogne-Franche-Comté,45-49 ans,F,84371
2023,Bourgogne-Franche-Comté,45-49 ans,M,82626
2023,Bourgogne-Franche-Comté,50-54 ans,F,94568
2023,Bourgogne-Franche-Comté,50-54 ans,M,92887
2023,Bourgogne-Franche-Comté,55-59 ans,F,95795
2023,Bourgogne-Franche-Comté,55-59 ans,M,92786
2023,Bourgogne-Franche-Comté,60 ans ou plus,F,1908155
2023,Bourgogne-Franche-Comté,60 ans ou plus,M,1745989
2023,Bretagne,20-24 ans,F,91082
2023,Bretagne,20-24 ans,M,99576
2023,Bretagne,25-29 ans,F,82167
2023,Bretagne,25-29 ans,M,85660
2023,Bretagne,30-34 ans,F,89601
2023,Bretagne,30-34 ans,M,90177
2023,Bretagne,35-39 ans,F,98866
2023,Bretagne,35-39 ans,M,96283
2023,Bretagne,40-44 ans,F,106052
2023,Bretagne,40-44 ans,M,103591
2023,Bretagne,45-49 ans,F,106368
2023,Bretagne,45-49 ans,M,105860
2023,Bretagne,50-54 ans,F,115766
2023,Bretagne,50-54 ans,M,115090
2023,Bretagne,55-59 ans,F,114590
2023,Bretagne,55-59 ans,M,111240
2023,Bretagne,60 ans ou plus,F,2343316
2023,Bretagne,60 ans ou plus,M,2132145
2023,Centre-Val de Loire,20-24 ans,F,65499
2023,Centre-Val de Loire,20-24 ans,M,69689
2023,Centre-Val de Loire,25-29 ans,F,61948
2023,Centre-Val de Loire,25-29 ans,M,63087
2023,Centre-Val de Loire,30-34 ans,F,70080
2023,Centre-Val de Loire,30-34 ans,M,68607
2023,Centre-Val de Loire,35-39 ans,F,75644
2023,Centre-Val de Loire,35-39 ans,M,72285
2023,Centre-Val de Loire,40-44 ans,F,78202
2023,Centre-Val de Loire,40-44 ans,M,75229
2023,Centre-Val de Loire,45-49 ans,F,78706
2023,Centre-Val de Loire,45-49 ans,M,77221
2023,Centre-Val de Loire,50-54 ans,F,87864
2023,Centre-Val de Loire,50-54 ans,M,85833
2023,Centre-Val de Loire,55-59 ans,F,87515
2023,Centre-Val de Loire,55-59 ans,M,84264
2023,Centre-Val de Loire,60 ans ou plus,F,1754064
2023,Centre-Val de Loire,60 ans ou plus,M,1596613
2023,Corse,20-24 ans,F,7733
2023,Corse,20-24 ans,M,8356
2023,Corse,25-29 ans,F,9207
2023,Corse,25-29 ans,M,8586
2023,Corse,30-34 ans,F,10435
2023,Corse,30-34 ans,M,10093
2023,Corse,35-39 ans,F,11418
2023,Corse,35-39 ans,M,10363
2023,Corse,40-44 ans,F,12169
2023,Corse,40-44 ans,M,11232
2023,Corse,45-49 ans,F,11873
2023,Corse,45-49 ans,M,10809
2023,Corse,50-54 ans,F,12698
2023,Corse,50-54 ans,M,12420
2023,Corse,55-59 ans,F,12236
2023,Corse,55-59 ans,M,11741
2023,Corse,60 ans ou plus,F,240047
2023,Corse,60 ans ou plus,M,221522
2023,Grand Est,20-24 ans,F,156422
2023,Grand Est,20-24 ans,M,169813
2023,Grand Est,25-29 ans,F,148660
2023,Grand Est,25-29 ans,M,154220
2023,Grand Est,30-34 ans,F,164561
2023,Grand Est,30-34 ans,M,163690
2023,Grand Est,35-39 ans,F,173030
2023,Grand Est,35-39 ans,M,167425
2023,Grand Est,40-44 ans,F,175989
2023,Grand Est,40-44 ans,M,170898
2023,Grand Est,45-49 ans,F,169889
2023,Grand Est,45-49 ans,M,167287
2023,Grand Est,50-54 ans,F,187918
2023,Grand Est,50-54 ans,M,185965
2023,Grand Est,55-59 ans,F,193423
2023,Grand Est,55-59 ans,M,187037
2023,Grand Est,60 ans ou plus,F,3721601
2023,Grand Est,60 ans ou plus,M,3417562
2023,Hauts-de-France,20-24 ans,F,183597
2023,Hauts-de-France,20-24 ans,M,191023
2023,Hauts-de-France,25-29 ans,F,166214
2023,Hauts-de-France,25-29 ans,M,164995
2023,Hauts-de-France,30-34 ans,F,179242
2023,Hauts-de-France,30-34 ans,M,174892
2023,Hauts-de-France,35-39 ans,F,191708
2023,Hauts-de-France,35-39 ans,M,182862
2023,Hauts-de-France,40-44 ans,F,193570
2023,Hauts-de-France,40-44 ans,M,187291
2023,Hauts-de-France,45-49 ans,F,187043
2023,Hauts-de-France,45-49 ans,M,184115
2023,Hauts-de-France,50-54 ans,F,195356
2023,Hauts-de-France,50-54 ans,M,192765
2023,Hauts-de-France,55-59 ans,F,192434
2023,Hauts-de-France,55-59 ans,M,185099
2023,Hauts-de-France,60 ans ou plus,F,3946629
2023,Hauts-de-France,60 ans ou plus,M,3567064
2023,Normandie,20-24 ans,F,90283
2023,Normandie,20-24 ans,M,96332
2023,Normandie,25-29 ans,F,83489
2023,Normandie,25-29 ans,M,85209
2023,Normandie,30-34 ans,F,92082
2023,Normandie,30-34 ans,M,91272
2023,Normandie,35-39 ans,F,99944
2023,Normandie,35-39 ans,M,95612
2023,Normandie,40-44 ans,F,101760
2023,Normandie,40-44 ans,M,99175
2023,Normandie,45-49 ans,F,99420
2023,Normandie,45-49 ans,M,96834
2023,Normandie,50-54 ans,F,109572
2023,Normandie,50-54 ans,M,106905
2023,Normandie,55-59 ans,F,111391
2023,Normandie,55-59 ans,M,106219
2023,Normandie,60 ans ou plus,F,2258637
2023,Normandie,60 ans ou plus,M,2039067
2023,Nouvelle-Aquitaine,20-24 ans,F,158187
2023,Nouvelle-Aquitaine,20-24 ans,M,169551
2023,Nouvelle-Aquitaine,25-29 ans,F,148119
2023,Nouvelle-Aquitaine,25-29 ans,M,148952
2023,Nouvelle-Aquitaine,30-34 ans,F,164820
2023,Nouvelle-Aquitaine,30-34 ans,M,159057
2023,Nouvelle-Aquitaine,35-39 ans,F,178633
2023,Nouvelle-Aquitaine,35-39 ans,M,168817
2023,Nouvelle-Aquitaine,40-44 ans,F,190358
2023,Nouvelle-Aquitaine,40-44 ans,M,182296
2023,Nouvelle-Aquitaine,45-49 ans,F,191370
2023,Nouvelle-Aquitaine,45-49 ans,M,184158
2023,Nouvelle-Aquitaine,50-54 ans,F,210991
2023,Nouvelle-Aquitaine,50-54 ans,M,202569
2023,Nouvelle-Aquitaine,55-59 ans,F,213246
2023,Nouvelle-Aquitaine,55-59 ans,M,199920
2023,Nouvelle-Aquitaine,60 ans ou plus,F,4253712
2023,Nouvelle-Aquitaine,60 ans ou plus,M,3806789
2023,Occitanie,20-24 ans,F,167415
2023,Occitanie,20-24 ans,M,176840
2023,Occitanie,25-29 ans,F,158567
2023,Occitanie,25-29 ans,M,161642
2023,Occitanie,30-34 ans,F,172909
2023,Occitanie,30-34 ans,M,166825
2023,Occitanie,35-39 ans,F,182751
2023,Occitanie,35-39 ans,M,172864
2023,Occitanie,40-44 ans,F,192540
2023,Occitanie,40-44 ans,M,184574
2023,Occitanie,45-49 ans,F,188107
2023,Occitanie,45-49 ans,M,180677
2023,Occitanie,50-54 ans,F,206824
2023,Occitanie,50-54 ans,M,197884
2023,Occitanie,55-59 ans,F,210756
2023,Occitanie,55-59 ans,M,197010
2023,Occitanie,60 ans ou plus,F,4174279
2023,Occitanie,60 ans ou plus,M,3769874
2023,Pays de la Loire,20-24 ans,F,108726
2023,Pays de la Loire,20-24 ans,M,116712
2023,Pays de la Loire,25-29 ans,F,100014
2023,Pays de la Loire,25-29 ans,M,102135
2023,Pays de la Loire,30-34 ans,F,108668
2023,Pays de la Loire,30-34 ans,M,109225
2023,Pays de la Loire,35-39 ans,F,117611
2023,Pays de la Loire,35-39 ans,M,113852
2023,Pays de la Loire,40-44 ans,F,124952
2023,Pays de la Loire,40-44 ans,M,123037
2023,Pays de la Loire,45-49 ans,F,121771
2023,Pays de la Loire,45-49 ans,M,121395
2023,Pays de la Loire,50-54 ans,F,127878
2023,Pays de la Loire,50-54 ans,M,127882
2023,Pays de la Loire,55-59 ans,F,124747
2023,Pays de la Loire,55-59 ans,M,121448
2023,Pays de la Loire,60 ans ou plus,F,2613378
2023,Pays de la Loire,60 ans ou plus,M,2397091
2023,Provence-Alpes-Côte d'Azur,20-24 ans,F,133538
2023,Provence-Alpes-Côte d'Azur,20-24 ans,M,139763
2023,Provence-Alpes-Côte d'Azur,25-29 ans,F,130512
2023,Provence-Alpes-Côte d'Azur,25-29 ans,M,126587
2023,Provence-Alpes-Côte d'Azur,30-34 ans,F,150339
2023,Provence-Alpes-Côte d'Azur,30-34 ans,M,140442
2023,Provence-Alpes-Côte d'Azur,35-39 ans,F,159522
2023,Provence-Alpes-Côte d'Azur,35-39 ans,M,146285
2023,Provence-Alpes-Côte d'Azur,40-44 ans,F,165230
2023,Provence-Alpes-Côte d'Azur,40-44 ans,M,153433
2023,Provence-Alpes-Côte d'Azur,45-49 ans,F,158952
2023,Provence-Alpes-Côte d'Azur,45-49 ans,M,150676
2023,Provence-Alpes-Côte d'Azur,50-54 ans,F,176434
2023,Provence-Alpes-Côte d'Azur,50-54 ans,M,165319
2023,Provence-Alpes-Côte d'Azur,55-59 ans,F,183831
2023,Provence-Alpes-Côte d'Azur,55-59 ans,M,165598
2023,Provence-Alpes-Côte d'Azur,60 ans ou plus,F,3584164
2023,Provence-Alpes-Côte d'Azur,60 ans ou plus,M,3159232
2023,Île-de-France,20-24 ans,F,410262
2023,Île-de-France,20-24 ans,M,403968
2023,Île-de-France,25-29 ans,F,425958
2023,Île-de-France,25-29 ans,M,403065
2023,Île-de-France,30-34 ans,F,461001
2023,Île-de-France,30-34 ans,M,433347
2023,Île-de-France,35-39 ans,F,449904
2023,Île-de-France,35-39 ans,M,413429
2023,Île-de-France,40-44 ans,F,433221
2023,Île-de-France,40-44 ans,M,410313
2023,Île-de-France,45-49 ans,F,409219
2023,Île-de-France,45-49 ans,M,402621
2023,Île-de-France,50-54 ans,F,408124
2023,Île-de-France,50-54 ans,M,394313
2023,Île-de-France,55-59 ans,F,391690
2023,Île-de-France,55-59 ans,M,368576
2023,Île-de-France,60 ans ou plus,F,7866291
2023,Île-de-France,60 ans ou plus,M,7125178
